{
  "name": "syncfusion-ej-global",
  "version": "15.3.33",
  "description": "Bower package of localized texts of the Syncfusion Essential JavaScript widgets in various languages.",
  "authors": [
    "Syncfusion Inc"
  ],
  "license": "https://www.syncfusion.com/content/downloads/syncfusion_license.pdf",
  "homepage": "https://github.com/syncfusion/ej-global#readme",
  "ignore": [
    ".npmignore",
    "package.json",
    ".gitignore",
    "demos",
    "ej-global-all",
    "i18n/*",
    "!i18n/ej.culture.ar-AE.min.js",
    "!i18n/ej.culture.de-DE.min.js",
    "!i18n/ej.culture.en-US.min.js",
    "!i18n/ej.culture.es-ES.min.js",
    "!i18n/ej.culture.fr-FR.min.js",
    "!i18n/ej.culture.vi-VN.min.js",
    "!i18n/ej.culture.zh-CN.min.js",
    "l10n/*",
    "!l10n/ej.localetexts.ar-AE.min.js",
    "!l10n/ej.localetexts.de-DE.min.js",
    "!l10n/ej.localetexts.en-US.min.js",
    "!l10n/ej.localetexts.es-ES.min.js",
    "!l10n/ej.localetexts.fr-FR.min.js",
    "!l10n/ej.localetexts.vi-VN.min.js",
    "!l10n/ej.localetexts.zh-CN.min.js"
  ],
  "_release": "15.3.33",
  "_resolution": {
    "type": "version",
    "tag": "15.3.33",
    "commit": "476fbf1f1383c9d9b23b08ea4a9981e9fabb5825"
  },
  "_source": "https://github.com/syncfusion/ej-global.git",
  "_target": "*",
  "_originalSource": "syncfusion-ej-global"
}